<?xml version="1.0" encoding="UTF-8"?>
<!DOCTYPE mapper PUBLIC "-//mybatis.org//DTD Mapper 3.0//EN" "http://mybatis.org/dtd/mybatis-3-mapper.dtd">
<mapper namespace="cn.wwj.dao.MenuDao">
	
	<resultMap  id="menuMap" type="cn.wwj.po.Menu">
		<id column="id" property="id"/>
		<result column="title" property="title"/>
		<result column="p_id" property="pId"/>
		<result column="url" property="url"/>
	</resultMap>
	
	<select id="findAll" resultMap="menuMap" resultType="cn.wwj.po.Menu" parameterType="java.util.List">
	  select * from h_menu where 
	  <foreach collection="list" item="item" index="index" separator="or">
 			id=#{item}
 	  </foreach>
	</select>
	
</mapper>